{
    "name": "MotorGo Mini Driver",
    "version": "1.0.1",
    "description": "The MotorGo Mini driver provides an API to interface with the motor controllers on the MotorGo Mini board.",
    "keywords": "motor, controller, brushless",
    "repository": {
        "type": "git",
        "url": "https://github.com/Roam-Studios/motorgo-mini-driver"
    },
    "authors": [
        {
            "name": "Swapnil Pande",
            "email": "swapnil.pande98@gmail.com",
            "url": "https://www.swapnilpande.me"
        }
    ],
    "license": "MIT",
    "frameworks": "arduino",
    "platforms": "esp32-s3-motorgo-mini",
    "dependencies": [
        {
            "owner": "askuric",
            "name": "Simple FOC",
            "version": "^2.3.2"
        },
        {
            "name": "SimpleFOCDrivers",
            "version": "https://github.com/Every-Flavor-Robotics/Arduino-FOC-drivers.git"
        },
        {
            "name": "ESP-Options",
            "version": "https://github.com/Every-Flavor-Robotics/esp-options.git"
        },
        {
            "name": "ESPWifiConfig",
            "version": "https://github.com/Every-Flavor-Robotics/esp-wifi-config.git"
        },
        {
            "name": "Wire",
            "version": "*"
        },
        {
            "name": "SPI",
            "version": "*"
        },
        {
            "name": "Preferences",
            "version": "*"
        },
        {
            "name": "FS",
            "version": "*"
        },
        {
            "name": "Arduino_JSON",
            "version": "0.2.0",
            "repository": "https://github.com/arduino-libraries/Arduino_JSON.git"
        }
    ]
}